X_FD15001_KOLASIB_1502001_KOLASIB_Wheat	1190.57
X_FD15001_KOLASIB_1502003_KOLASIB_Wheat	449.61
X_FD15001_KOLASIB_1502004_KOLASIB_Wheat	78.2
X_FD15001_KOLASIB_1502006_KOLASIB_Wheat	467.6
X_FD15001_KOLASIB_1503009_AIZAWL_Wheat	312.61
X_FD15001_KOLASIB_1503013_AIZAWL_Wheat	234.78
X_FD15001_KOLASIB_1503016_AIZAWL_Wheat	80.0
X_FD15002_LUNGLEI_1501017_MAMIT_Wheat	593.17
X_FD15002_LUNGLEI_1504011_KHAWZAWL_Wheat	47.4
X_FD15002_LUNGLEI_1504013_CHAMPHAI_Wheat	239.73
X_FD15002_LUNGLEI_1504015_KHAWZAWL_Wheat	71.85
X_FD15002_LUNGLEI_1504018_CHAMPHAI_Wheat	419.91
X_FD15002_LUNGLEI_1504019_CHAMPHAI_Wheat	242.05
X_FD15002_LUNGLEI_1504020_CHAMPHAI_Wheat	207.4
X_FD15002_LUNGLEI_1504025_CHAMPHAI_Wheat	51.79
X_FD15002_LUNGLEI_1504026_KHAWZAWL_Wheat	163.46
X_FD15002_LUNGLEI_1505002_SERCHHIP_Wheat	1384.59
X_FD15002_LUNGLEI_1505006_SERCHHIP_Wheat	419.67
X_FD15002_LUNGLEI_1505007_HNAHTHIAL_Wheat	380.79
X_FD15002_LUNGLEI_1505008_HNAHTHIAL_Wheat	409.64
X_FD15002_LUNGLEI_1505010_SERCHHIP_Wheat	325.54
X_FD15002_LUNGLEI_1505012_SERCHHIP_Wheat	525.64
X_FD15002_LUNGLEI_1505017_LUNGLEI_Wheat	149.76
X_FD15002_LUNGLEI_1506001_LUNGLEI_Wheat	5722.79
X_FD15002_LUNGLEI_1506003_HNAHTHIAL_Wheat	348.64
X_FD15002_LUNGLEI_1506004_LUNGLEI_Wheat	2967.39
X_FD15002_LUNGLEI_1506005_HNAHTHIAL_Wheat	197.57
X_FD15002_LUNGLEI_1506006_LUNGLEI_Wheat	184.89
X_FD15002_LUNGLEI_1506008_LUNGLEI_Wheat	261.88
X_FD15002_LUNGLEI_1506010_HNAHTHIAL_Wheat	316.46
X_FD15002_LUNGLEI_1506012_LUNGLEI_Wheat	198.97
X_FD15002_LUNGLEI_1506013_LUNGLEI_Wheat	343.66
X_FD15002_LUNGLEI_1506015_LAWNGTLAI_Wheat	35.45
X_FD15002_LUNGLEI_1506017_LAWNGTLAI_Wheat	46.6
X_FD15003_AIZAWL_1501001_MAMIT_Wheat	669.89
X_FD15003_AIZAWL_1501010_MAMIT_Wheat	333.0
X_FD15003_AIZAWL_1501011_MAMIT_Wheat	799.26
X_FD15003_AIZAWL_1501013_MAMIT_Wheat	550.9
X_FD15003_AIZAWL_1501015_MAMIT_Wheat	146.23
X_FD15003_AIZAWL_1501016_MAMIT_Wheat	419.9
X_FD15003_AIZAWL_1502002_KOLASIB_Wheat	447.45
X_FD15003_AIZAWL_1503010_SAITUAL_Wheat	1154.5
X_FD15003_AIZAWL_1503017_AIZAWL_Wheat	2986.01
X_FD15003_AIZAWL_1503020_AIZAWL_Wheat	7495.08
X_FD15003_AIZAWL_1503023_AIZAWL_Wheat	4997.61
X_FD15003_AIZAWL_1503024_AIZAWL_Wheat	1138.71
X_FD15003_AIZAWL_1503025_AIZAWL_Wheat	410.48
X_FD15003_AIZAWL_1503027_MAMIT_Wheat	31.22
X_FD15003_AIZAWL_1503031_MAMIT_Wheat	41.71
X_FD15003_AIZAWL_1503032_AIZAWL_Wheat	4999.37
X_FD15003_AIZAWL_1504001_CHAMPHAI_Wheat	17.3
X_FD15003_AIZAWL_1504002_CHAMPHAI_Wheat	1124.54
X_FD15003_AIZAWL_1504005_SAITUAL_Wheat	206.2
X_FD15003_AIZAWL_1504006_SERCHHIP_Wheat	45.55
X_FD15003_AIZAWL_1504009_SAITUAL_Wheat	66.9
X_FD15003_AIZAWL_1504010_CHAMPHAI_Wheat	38.2
X_FD15003_AIZAWL_1504012_CHAMPHAI_Wheat	382.85
X_FD15003_AIZAWL_1504014_KHAWZAWL_Wheat	384.2
X_FD15003_AIZAWL_1504017_CHAMPHAI_Wheat	270.15
X_FD15003_AIZAWL_1504021_KHAWZAWL_Wheat	992.15
X_FD15003_AIZAWL_1505001_SERCHHIP_Wheat	1416.39
X_FD15003_AIZAWL_1505009_MAMIT_Wheat	161.35
X_FD15003_AIZAWL_1505013_SERCHHIP_Wheat	1004.23
X_FD15003_AIZAWL_1506014_MAMIT_Wheat	21.58
X_FD15004_KOLASIB_1501004_MAMIT_Wheat	293.91
X_FD15004_KOLASIB_1501006_MAMIT_Wheat	456.1
X_FD15004_KOLASIB_1501007_MAMIT_Wheat	204.13
X_FD15004_KOLASIB_1501009_MAMIT_Wheat	263.01
X_FD15004_KOLASIB_1501018_MAMIT_Wheat	389.55
X_FD15004_KOLASIB_1502008_KOLASIB_Wheat	250.58
X_FD15005_KOLASIB_15000002_SAITUAL_Wheat	94.53
X_FD15005_KOLASIB_1502005_KOLASIB_Wheat	114.8
X_FD15005_KOLASIB_1502010_KOLASIB_Wheat	441.35
X_FD15005_KOLASIB_1503005_MAMIT_Wheat	79.61
X_FD15005_KOLASIB_1503011_SAITUAL_Wheat	99.75
X_FD15005_KOLASIB_1503012_SAITUAL_Wheat	146.7
X_FD15005_KOLASIB_1503014_AIZAWL_Wheat	765.76
X_FD15005_KOLASIB_1503015_AIZAWL_Wheat	298.09
X_FD15005_KOLASIB_1504008_SAITUAL_Wheat	219.11
X_FD15005_KOLASIB_1504023_SAITUAL_Wheat	106.25
X_FD15007_LAWNGTLAI_1504007_LAWNGTLAI_Wheat	145.95
X_FD15007_LAWNGTLAI_1506011_LUNGLEI_Wheat	195.81
X_FD15007_LAWNGTLAI_1506018_LAWNGTLAI_Wheat	254.1
X_FD15007_LAWNGTLAI_1506019_LAWNGTLAI_Wheat	120.4
X_FD15007_LAWNGTLAI_1507001_LAWNGTLAI_Wheat	751.98
X_FD15007_LAWNGTLAI_1507002_LAWNGTLAI_Wheat	533.6
X_FD15007_LAWNGTLAI_1507003_LAWNGTLAI_Wheat	250.25
X_FD15007_LAWNGTLAI_1507005_LAWNGTLAI_Wheat	212.0
X_FD15007_LAWNGTLAI_1507006_LAWNGTLAI_Wheat	452.35
X_FD15007_LAWNGTLAI_1507007_LAWNGTLAI_Wheat	284.6
X_FD15007_LAWNGTLAI_1507008_LAWNGTLAI_Wheat	265.1
X_FD15007_LAWNGTLAI_1508001_SAIHA_Wheat	1046.53
X_FD15007_LAWNGTLAI_1508002_SAIHA_Wheat	224.77
X_FD15007_LAWNGTLAI_1508003_SAIHA_Wheat	58.64
X_FD15007_LAWNGTLAI_1508007_LAWNGTLAI_Wheat	118.4
X_FD15007_LAWNGTLAI_1508009_SAIHA_Wheat	117.88
X_FD15007_LAWNGTLAI_1508010_SAIHA_Wheat	79.96
X_FD15007_LAWNGTLAI_1508011_LAWNGTLAI_Wheat	148.8
X_FD15007_LAWNGTLAI_1508013_SAIHA_Wheat	210.52
X_FD15007_LAWNGTLAI_1508014_SAIHA_Wheat	146.48
X_FD15007_LAWNGTLAI_1508016_SAIHA_Wheat	100.7
X_FD15007_LAWNGTLAI_1508017_SAIHA_Wheat	244.72
X_FD15007_LAWNGTLAI_1508018_SAIHA_Wheat	218.19
X_FD15007_LAWNGTLAI_1508019_SAIHA_Wheat	95.77
X_FD15007_LAWNGTLAI_1508020_SAIHA_Wheat	60.86
X_FD15007_LAWNGTLAI_1508021_LAWNGTLAI_Wheat	111.0
X_FD15007_LAWNGTLAI_1508024_SAIHA_Wheat	138.26
X_FD15007_LAWNGTLAI_1508027_SAIHA_Wheat	68.73
X_FD15007_LAWNGTLAI_1508028_SAIHA_Wheat	193.26
X_FD15007_LAWNGTLAI_1508029_SAIHA_Wheat	129.53
X_FD15007_LAWNGTLAI_1508030_SAIHA_Wheat	173.03
X_FD15007_LAWNGTLAI_1508031_SAIHA_Wheat	149.65
